firstName,lastName,email,department
bob,dole,bob@s56.net,Executives
jacob,dole,jacob@s56.net,IT
Betty,Dole,betty@s56.net,HR
Casey,Dole,casey@s56.net,Support
Megan,Dole,megan@s56.net,Product
Robyn,Dole,robyn@s56.net,HR
Fred,Dole,fred@s56.net,IT
Caam,Dole,caam@s56.net,IT